,id,title,company,location,postingdate,today,summary,salary,url
0,f718684f28f31ff4,Data Analist,HalloStroom,Gouda,19 dagen geleden,2021-03-16,"Voor deze rol zoeken we een ervaren analist.
Je hebt een WO opleiding afgerond, bij voorkeur richting marketing en je hebt affiniteit met IT;",,https://nl.indeed.com/company/HalloStroom/jobs/Data-Analist-f718684f28f31ff4?fccid=923e2776b829025b&vjs=3
1,088a2413b896ae9d,Marketing Data Analist,QLF Brands - lampenlicht.nl,Hapert,Meer dan 30 dagen geleden,2021-03-16,"Als marketing data analist maak je data inzichtelijk en beantwoord je analyse vraagstukken.
In de rol als marketing data analist werk je in internationaal…",,https://nl.indeed.com/rc/clk?jk=088a2413b896ae9d&fccid=afec03267be86ea5&vjs=3
2,05e416dcda805c45,Marketing Intelligence Analist,Lincks Personal Recruitment,Dordrecht,Meer dan 30 dagen geleden,2021-03-16,"Het optimaliseren van de marketingdata, zodat alles uit de offline én online gegevens gehaald wordt.
Dat is waar jij als Marketing Intelligence Analist energie…",€2.500 - €4.000 per maand,https://nl.indeed.com/pagead/clk?mo=r&ad=-6NYlbfkN0BS6DeOXXI25jhahsSu0034hupV8qHq1s8uEZGRFeRzj9oBc8XAT7MzNHr4aA_sdCrUfxF8VFfYpqhEmQVj2_o4n9npeyjMDx0B5UxRMoHUmcZgeiwESiKUYLSaiyJGVXdm8toEMDFZEDecYAccO-_iQLGgDWO-sQsWmf8KnzyYduizr6wRfIg_uQGVmbFLVEZejB2M6Neq7FIpWyC7PQBxC0HjgMY4-xR9PiP7iFR0EqY6lhDH0aKZlfiUn8R6f-BbGjZjSMuMA2Eg6WJEbx2RiFw3HUgbgJLm1rl3tuQALqXIl-TQ2Cy8gCqqvD6Q-Si5TN9MBJbMagTL8mm5Dx8TZNxSxRztr_jV9QjWDeCzsH5vAUQ5sTnp1qW1oy3vDYz7-U1skpI8xOSS50bPs3RkbQMxn8JCey4tIemvXDZ_yCMyDHkpFRPCIBuxKwdmPH0G4fjtk5Vy4tJmNMBZuKIyixJBrPrEkW0ckPKiVFV3XyKRxaeJGeZuqT-xXPmPL46TkNqqajgQiNJ5y-G38wKxnwFNM7X5bOCKbZ-9dzrT6FfRtkruk9P1Wbd6aEg7TvAxKPWkh2laJiMUP87z0FNBDr4I0V7MsrJJZuJvGDoZUGJiv1SeDZCFvArhtOs9JSLznQOr5YiT6SjkLk8HvZSpK8Hrzp1xklzdAEZ6gEezTt_Sa9UD41uG&p=2&fvj=0&vjs=3
3,e612b632ad1650e8,CRO / Marketing Data Analist,Rotom Nederland B.V.,Best,18 dagen geleden,2021-03-16,"Als CRO / marketing data analist word je onderdeel van een jong en dynamisch team met daarin drie directe collega’s en een teamleider.
Wat vragen wij van jou?*.",,https://nl.indeed.com/company/Rotom-Nederland-BV/jobs/Cro-e612b632ad1650e8?fccid=dcd100943dd03272&vjs=3
4,d3e5051e65cf0770,Senior Data Analist (38 uur),My Jewellery,Den Bosch,Vandaag,2021-03-16,"De gegevens die je verwerkt komen onder andere uit onze e-commerce-, ERP en marketing automationsystemen, maar ook van externe bronnen zoals social media…",,https://nl.indeed.com/rc/clk?jk=d3e5051e65cf0770&fccid=2329ef081dc2b26d&vjs=3
5,bdcc6b92da2bdf5f,Marketing Intelligence Analyst,Sana Commerce,Rotterdam,Meer dan 30 dagen geleden,2021-03-16,"Experience in developing intelligent solutions like marketing attribution model.
We all have our own expertise and specialties, from sales and marketing to…",,https://nl.indeed.com/rc/clk?jk=bdcc6b92da2bdf5f&fccid=e39808dc8e4dff1d&vjs=3
6,8aa254c22e0abdaf,Junior Content Marketing Analyst (m/f/d),Global Savings Group,Amsterdam,13 dagen geleden,2021-03-16,"Coordinating with freelancers, account managers and other departments to execute and optimise effective marketing campaigns.
Working in a cloud based company.",,https://nl.indeed.com/rc/clk?jk=8aa254c22e0abdaf&fccid=d47d366d134cdf11&vjs=3
7,f9b4d30d147eeb32,"Marketing & Media Analist (Tijdelijk, 5 maanden)",Talpa Network,Amsterdam,24 dagen geleden,2021-03-16,"De veranderingen in het media landschap volgen elkaar snel op.
Het organiseren én juist interpreteren van data en onderzoek wordt steeds belangrijker in de snel…",,https://nl.indeed.com/rc/clk?jk=f9b4d30d147eeb32&fccid=cde184b2f823709c&vjs=3
8,233094a5fbe87200,"Junior Data Analist, Dordrecht",ENGIE,Dordrecht,Meer dan 30 dagen geleden,2021-03-16,"Ben jij de Junior Data Analist welke, samen met ons, de uitdagingen in de digitalisatie aan gaat?
Wil je meewerken aan het bereiken van onze ambitieuze…",,https://nl.indeed.com/rc/clk?jk=233094a5fbe87200&fccid=bcbba984fec63461&vjs=3
9,adc4ee50cfaf6a50,Medior CDD Analist,Brunel,Rotterdam,Meer dan 30 dagen geleden,2021-03-16,Als Medior Analist Know Your Client ben je samen met je team verantwoordelijk voor het actualiseren en completeren van klantdossiers.,,https://nl.indeed.com/pagead/clk?mo=r&ad=-6NYlbfkN0Br9Jn0n-9lL-KuX2NkXt9g2eIzDwrC5RwAnAq9S41qR99NTxTrhDAMNkNo0cvGw-Wb2XXPeieUUVVAesN6PfA8_YjZiSzUOPjC6aJqhTjV9St_274CJ_4liZTfPEBe6h_u8tCgi7AZjCQtYFFUSLr-6AK3q-Taulu_aRc2hM-npt3TUvI9ZSS_jEi2AqDg2vAc6hIa67yiWe7S1T55f0yQULKnFvVr-PYxPDiij0b773OtufB4WOtcNIMKsHiDboqUx-60KFoUD2wBSdQ5RRX_1MwqUEnzk0ctvrwN9J_AGfTd1fFr9kgWEQJ17Kd6c4Wd16BhMmIDgB_Rf9luTQDAQrD0ef_4vaa3UYRPPeNro55OgejaIA0Ml1rBzRK9vyqwwjbfFWPqGmep9u7iUjtl_hBMADkeW91-CwnehwOkvqWW4kgT5Ez6X4KBGaP9H0eFy2l1auxir0EIfpVXPnBBM6BM-5tpQajxpa453mKRec9ScTegnQoamTcarAEbnoC3GxezVtwNtfksIbxqFRvD5P-_RZFq4q78yV9PsW8ZlQ8CCwXbdwqxA1cnF49l72ccZr2jMH1ysOuQuNwSscR7M8yM7ISxzwyxKharH_yvhVKZw17QblVqabXlheF02lS1baDZoLc48YXCkDx-NOsQXFXXMxs6tX7OkCt5oO3Z-Q==&p=9&fvj=0&vjs=3
10,1618fb30afa98b2f,Marketing intern,Wonderflow,Amsterdam,19 dagen geleden,2021-03-16,"As a Marketing intern, you will work together as part of the marketing team, consisting of a generalist and an industry analyst (supported by interns), and in…",,https://nl.indeed.com/rc/clk?jk=1618fb30afa98b2f&fccid=e6e844b978f35e62&vjs=3
11,20adde329d453731,Data analist,Ascending People,Hengelo OV,24 dagen geleden,2021-03-16,"Met deze inzichten kunnen zij hun inkoop, product ontwikkeling en marketing optimaliseren.
Als data analist ben je nieuwsgierig en intrinsiek gemotiveerd om met…",,https://nl.indeed.com/rc/clk?jk=20adde329d453731&fccid=bcbe388a1c937e3b&vjs=3
12,a7858357877388d6,Data Analist,WeBlog Media B.V.,Groningen,5 dagen geleden,2021-03-16,"Dan willen we jou misschien wel als onze data analist!
In korte tijd zijn we met een in-house redactie, marketing- en development team uitgegroeid tot één van…",,https://nl.indeed.com/company/WeBlog-Media-B.V./jobs/Data-Analist-a7858357877388d6?fccid=14e0895a71b665cc&vjs=3
13,0edb0aa6b135bed3,Junior Pricing Analist Bedrijven,Achmea,Apeldoorn,4 dagen geleden,2021-03-16,"Ben jij de professionele analist, die in gesprek met marketing en sales beschikt je over overtuigingskracht en je weet je standpunten en adviezen goed over te…",€3.417 - €4.755 per maand,https://nl.indeed.com/rc/clk?jk=0edb0aa6b135bed3&fccid=5669a89b3a19b7fa&vjs=3
14,9dbdb4d6bc3b51fd,Supply Chain Analyst,Michael Page,Breda,2 dagen geleden,2021-03-16,"Walraven Sax is een marketing-en verkooporganisatie met een breed pakket wijnen en gedistilleerde dranken.
Qua persoon denk je altijd in oplossingen.",€50.000 - €58.320 per jaar,https://nl.indeed.com/pagead/clk?mo=r&ad=-6NYlbfkN0BQx9zSiyEqaPFd55WgSbrogcybLLMOvaJifgHohN9UOrFhrmu1MhjlwQlZpkmg6IjJEgTMFdXv1i4R26b2z7kdMKvSwIe6PIdBD7dznqF_LUKR72RRKEq-L0Zdr3VnYbGPBLmKgsEKQh_FcEsoq9cSWbs7x07NlTpRcll4h0-SEJQdd2rT6FH-yC5HEMbHgJ5k4pxeGubXTo8j6u3JunEv6EN-JLaeYwTMKSztztOuNDAvAzdmza6dDDTRv1EYvvEizu8XDA4H-cH-c90bzP4vLaGhsupDDo4JUitnZI0FksK8keShgf_VYFMAg9g9G9qpFk2ol4TXqJR6yPD3rtRR9kUsqgitzbEhJZ5h_7mF61X9SukUSy4vXyvjSXnwlh5LvrrC7oS-FeZ-ZUrkz91_3k_CPeOsBbW68TN-0ji6OHa0uqb_cab5dKV_hA6qI06HdKi8qme9lX6gjQJi_0qxNbBcw2mauaXB5BNCWKYNr6SSKgsMX8S3DAX75g7BzEs=&p=14&fvj=1&vjs=3
15,d2f2e2882646d355,Global Marketing Data Analyst,Danone,Hoofddorp,17 dagen geleden,2021-03-16,"Are you the global marketing data analyst who likes to engage with different stakeholders, guides the markets and at the same time contributes to a purpose…",,https://nl.indeed.com/rc/clk?jk=d2f2e2882646d355&fccid=1d449a8e14af7cf3&vjs=3
16,d8da9cf6841ff789,Assortiment Data Analist,Plieger,Nederland,20 dagen geleden,2021-03-16,"Ervaring in markt, product of marketing analyses, bijvoorbeeld op een afdeling Product Management Category Management of Marketing.
Waar bouw je aan mee?",,https://nl.indeed.com/rc/clk?jk=d8da9cf6841ff789&fccid=4e5f062a0ab5bff4&vjs=3
17,bdcc6b92da2bdf5f,Marketing Intelligence Analyst,Sana Commerce,Rotterdam,Meer dan 30 dagen geleden,2021-03-16,"Experience in developing intelligent solutions like marketing attribution model.
We all have our own expertise and specialties, from sales and marketing to…",,https://nl.indeed.com/rc/clk?jk=bdcc6b92da2bdf5f&fccid=e39808dc8e4dff1d&vjs=3
18,d0c3eefa350256dc,Commercieel Business Analist,Bever,Pijnacker,12 dagen geleden,2021-03-16,"Het is een rol met veel vrijheid waarin je met de collega’s binnen de verschillende digitale domeinen intensief samenwerkt (digital marketing, online…",,https://nl.indeed.com/rc/clk?jk=d0c3eefa350256dc&fccid=20f2759ce6d1733c&vjs=3
19,99e2a445b186ca73,Marketing Specialist,WE Fashion,Utrecht,Meer dan 30 dagen geleden,2021-03-16,"Een creatieve (cijfermatige) analist die van alle (marketing) markten thuis is.
En heb je al meerdere jaren werkervaring binnen een sterke marketing gedreven…",,https://nl.indeed.com/rc/clk?jk=99e2a445b186ca73&fccid=362d8cf0b5d02023&vjs=3
20,b18653218d6bb2e6,Data analist,Searchresult,Den Bosch,Meer dan 30 dagen geleden,2021-03-16,"Als data analist (analytics specialist).
Als data analist (analytics specialist) ben je onderdeel van het overkoepelend data team van Searchresult, bestaande…",€2.400 - €3.500 per maand,https://nl.indeed.com/rc/clk?jk=b18653218d6bb2e6&fccid=91c8ef5b9a4f016f&vjs=3
21,a7858357877388d6,Data Analist,WeBlog Media B.V.,Groningen,5 dagen geleden,2021-03-16,"Dan willen we jou misschien wel als onze data analist!
In korte tijd zijn we met een in-house redactie, marketing- en development team uitgegroeid tot één van…",,https://nl.indeed.com/company/WeBlog-Media-B.V./jobs/Data-Analist-a7858357877388d6?fccid=14e0895a71b665cc&vjs=3
22,b70206f84e6d1ee0,Data Analist Particulieren Schade,NN Insurance Belgium,Den Haag,7 dagen geleden,2021-03-16,"Ben jij onze nieuwe data analist?
Als data analist bij het team Pricing en Data bij Particulieren Schade ben je verantwoordelijk voor het ontwikkelen,…",€5.095 per maand,https://nl.indeed.com/rc/clk?jk=b70206f84e6d1ee0&fccid=24ec997c502b2e1a&vjs=3
23,2daa46ecca1d675f,Junior Marketing Analyst,wehkamp,Zwolle,11 dagen geleden,2021-03-16,Als marketing analist zorg je ervoor dat we met de juiste analyses de customer journey van onze klanten nog beter weten te begrijpen en kunnen voorspellen.,,https://nl.indeed.com/rc/clk?jk=2daa46ecca1d675f&fccid=8ee03ff44561e4a7&vjs=3
24,20adde329d453731,Data analist,Ascending People,Hengelo OV,24 dagen geleden,2021-03-16,"Met deze inzichten kunnen zij hun inkoop, product ontwikkeling en marketing optimaliseren.
Als data analist ben je nieuwsgierig en intrinsiek gemotiveerd om met…",,https://nl.indeed.com/rc/clk?jk=20adde329d453731&fccid=bcbe388a1c937e3b&vjs=3
25,ba7caf41cd13be35,Marketing Management Assistent (NL),Techwave Europe,Eindhoven,Meer dan 30 dagen geleden,2021-03-16,"Onderzoek naar nieuwe marketing- en communicatiestrategieën in samenwerking met de Vicepresident Europe.
Afgeronde bachelor in (voorkeur) marketing, business…",,https://nl.indeed.com/rc/clk?jk=ba7caf41cd13be35&fccid=2d9fe93e506baa23&vjs=3
26,ad56fe7eb7005e86,Global Portfolio Strategy - Analyst,coty,Amsterdam Noord,Vandaag,2021-03-16,"Backgrounds in a combination of consumer marketing, trade marketing, commercial strategy and business planning are preferable.
Vi. In Market Sku Optimization.",,https://nl.indeed.com/rc/clk?jk=ad56fe7eb7005e86&fccid=7ad46606e93080a6&vjs=3
27,9caa23166da2b603,Intern Research,Colliers International EMEA,Amsterdam Zuid,Vandaag,2021-03-16,"Wil jij ontdekken hoe het is om een analist te zijn die zich durft uit te spreken over de vastgoedmarkt van de toekomst?
Wat vragen we van jou?",,https://nl.indeed.com/rc/clk?jk=9caa23166da2b603&fccid=ad9a461c6934bf2c&vjs=3
28,502c76bac2427d81,Diagnostic Business Analist,DAF,Eindhoven,18 dagen geleden,2021-03-16,"Als diagnostic business analist ben je assertief, pro-actief en besluitvaardig.
Wij zijn op zoek naar een praktische, hands-on analist met organisatie- en…",,https://nl.indeed.com/rc/clk?jk=502c76bac2427d81&fccid=d10121115426893b&vjs=3
29,9ccc54d59a586b0d,Privacy Officer,ASML,Veldhoven,Meer dan 30 dagen geleden,2021-03-16,"Owning the development and the update of ASML contents, processes and way of workings related to the areas of responsibility (e.g. websites, mobile apps,…",,https://nl.indeed.com/rc/clk?jk=9ccc54d59a586b0d&fccid=57ed5f0210b0681a&vjs=3
30,b18653218d6bb2e6,Data analist,Searchresult,Den Bosch,Meer dan 30 dagen geleden,2021-03-16,"Als data analist (analytics specialist).
Als data analist (analytics specialist) ben je onderdeel van het overkoepelend data team van Searchresult, bestaande…",€2.400 - €3.500 per maand,https://nl.indeed.com/rc/clk?jk=b18653218d6bb2e6&fccid=91c8ef5b9a4f016f&vjs=3
31,8d130def83bb0753,Digital Data Analist,SMS Intermediair,Eersel,Meer dan 30 dagen geleden,2021-03-16,"Je spart met de afdeling BI en marketing.
Een toffe uitdaging dus voor jou als digital data analist om daar aan boord te stappen.
Wat bieden we je aan?",€3.500 - €4.500 per maand,https://nl.indeed.com/rc/clk?jk=8d130def83bb0753&fccid=c66dbca2ed110e1f&vjs=3
32,8e7205343590efa4,Digital Web Analist,WeKnowPeople,Den Bosch,Meer dan 30 dagen geleden,2021-03-16,"Solliciteer dan voor web analist via deze pagina.
Het team bestaat momenteel uit een (technisch) web analist, vijf online advertising specialisten (met ieder…",€4.000 per maand,https://nl.indeed.com/rc/clk?jk=8e7205343590efa4&fccid=d187429d6f430a1a&vjs=3
33,93a0dc0b72434fc6,Jr. Data Analist,Close Contact BV,Schiphol,Meer dan 30 dagen geleden,2021-03-16,"Je schrijft selecties op marketing data met behulp van geavanceerde Marketing Automation platformen.
Als jr. data analist assisteer je in de ontwikkeling en…",,https://nl.indeed.com/rc/clk?jk=93a0dc0b72434fc6&fccid=c78e8a8eff1a976d&vjs=3
34,9caa23166da2b603,Intern Research,Colliers International EMEA,Amsterdam Zuid,Vandaag,2021-03-16,"Wil jij ontdekken hoe het is om een analist te zijn die zich durft uit te spreken over de vastgoedmarkt van de toekomst?
Wat vragen we van jou?",,https://nl.indeed.com/rc/clk?jk=9caa23166da2b603&fccid=ad9a461c6934bf2c&vjs=3
35,05e416dcda805c45,Marketing Intelligence Analist,Lincks Personal Recruitment,Dordrecht,Meer dan 30 dagen geleden,2021-03-16,"Het optimaliseren van de marketingdata, zodat alles uit de offline én online gegevens gehaald wordt.
Dat is waar jij als Marketing Intelligence Analist energie…",€2.500 - €4.000 per maand,https://nl.indeed.com/pagead/clk?mo=r&ad=-6NYlbfkN0BS6DeOXXI25jhahsSu0034hupV8qHq1s8uEZGRFeRzj9oBc8XAT7MzNHr4aA_sdCrUfxF8VFfYpqhEmQVj2_o4n9npeyjMDx0B5UxRMoHUmcZgeiwESiKUYLSaiyJGVXdm8toEMDFZEDecYAccO-_iQLGgDWO-sQsWmf8KnzyYduizr6wRfIg_uQGVmbFLVEZejB2M6Neq7Enx5vr1VSXx3j1uZfUVaCV-3Xjn-CA1CcsOkOJB0msDivK7ZwR7drT3WxP7__XHk2o6ttaCUqmYiQcD8lXZUW8ySZCkTKAhkA-6AuEfTFhbUzbomokv-1dnuiiYMsvnWxq8eMnFYw82rSemKb2kNY08ecMpcqKEWZLr5XwcQHMgpFHe5b3CaUSg3z1nI61EgDWiQhQMQY2kLXq0Z7z0bt5yQGKyMj1AMtwmiIuyAfQlWdPHxfigue9Ig4nBf5-_k-yi2xOhTO-fPbvINI3cDf1ksTgPBG8_aW5fepYlSA18N9M-UwB3KiKkPJnbDru7CppTs4l0ZFM2vEgYS7BZhEMWd_BQIlLsHOFIUKW7EW6QRMyhaVpteBC8UhCOUmLJY0Ijzm1Nf2YZbwTPk9iPHbO0GYeL3Cjr736Tkoh-s0IwMZ2pcGiU6M4LE-FFZnCo7h_6BhUommiRDjePl_FC_89LA1RDo1x7EsCnBFOHb12S&p=5&fvj=0&vjs=3
36,ce1513d0ee122fc5,Research Analyst,USP Marketing Consultancy BV,Rotterdam,Meer dan 30 dagen geleden,2021-03-16,"Rotterdam | 40 uur per week | €2166 - € 3478.
USP zoekt GEEN schaap met 5 poten!
Wij zijn op zoek naar starters voor de functie Research Analyst.",,https://nl.indeed.com/rc/clk?jk=ce1513d0ee122fc5&fccid=469a04661164009f&vjs=3
37,58c512faaf90af3d,CRO Analist,E-luscious,Gorredijk,12 dagen geleden,2021-03-16,"Van Google Analytics en andere marketing tools, het klantbronnen waarmee we de klantervaring verder.
De continue ontwikkeling en groei van e-Luscious vraagt om…",,https://nl.indeed.com/rc/clk?jk=58c512faaf90af3d&fccid=6fe03b5601c50d81&vjs=3
38,af365835e5377b11,Meewerkstage Junior Recruiter,Eneco,Nederland,Vandaag,2021-03-16,"Je beheert de stagevacatures voor geheel Eneco, van Finance en data analist tot marketing en communicatie stagiaire.
Daarnaast is het volgende belangrijk:",,https://nl.indeed.com/rc/clk?jk=af365835e5377b11&fccid=0f752a0010ef00e0&vjs=3
39,bdcc6b92da2bdf5f,Marketing Intelligence Analyst,Sana Commerce,Rotterdam,Meer dan 30 dagen geleden,2021-03-16,"Experience in developing intelligent solutions like marketing attribution model.
We all have our own expertise and specialties, from sales and marketing to…",,https://nl.indeed.com/rc/clk?jk=bdcc6b92da2bdf5f&fccid=e39808dc8e4dff1d&vjs=3
40,d2f2e2882646d355,Global Marketing Data Analyst,Danone,Hoofddorp,17 dagen geleden,2021-03-16,"Are you the global marketing data analyst who likes to engage with different stakeholders, guides the markets and at the same time contributes to a purpose…",,https://nl.indeed.com/rc/clk?jk=d2f2e2882646d355&fccid=1d449a8e14af7cf3&vjs=3
41,43059f0226835e70,Financial Analyst,corbion,Gorinchem,11 dagen geleden,2021-03-16,"We are looking for a pro-active financial analyst with high level analytical skills who’s interested in understanding our business, would like to further…",,https://nl.indeed.com/rc/clk?jk=43059f0226835e70&fccid=eb2bdddd219e32a4&vjs=3
42,3e65e635f33f4084,Data Analist,Close Contact BV,Schiphol,Meer dan 30 dagen geleden,2021-03-16,"Als data analist initieer je in de ontwikkeling en implementatie van nieuwe databasemarketingprocessen.
Je schrijft selecties op marketingdata met behulp van…",,https://nl.indeed.com/rc/clk?jk=3e65e635f33f4084&fccid=c78e8a8eff1a976d&vjs=3
43,9fcd2010d831e381,Enthousiaste Stagiairs,Euroma,Nederland,Meer dan 30 dagen geleden,2021-03-16,"Ben je altijd al geïnteresseerd geweest in de Food sector en spreekt een ondernemende, collegiale en informele bedrijfscultuur jou aan?",,https://nl.indeed.com/rc/clk?jk=9fcd2010d831e381&fccid=5d8f738901586325&vjs=3
44,e064ccefae3c7fe5,UX Researcher,Coolblue,Rotterdam,5 dagen geleden,2021-03-16,"Minimaal 2 jaar vergelijkbare werkervaring in bijvoorbeeld onderzoek of online marketing.
Een (bij voorkeur marketing/onderzoek gerelateerde) wo-opleiding…",,https://nl.indeed.com/rc/clk?jk=e064ccefae3c7fe5&fccid=7b02d5128f6957de&vjs=3
45,8952c42d69a07e3e,(Online) Marketer – Hilversum,Opdidakt,Hilversum,26 dagen geleden,2021-03-16,"SSC BV is het Shared Service Center waaruit we de verschillende praktijken, franchisenemers en onderaannemers faciliteren in het primaire proces met marketing,…",€2.500 - €3.650 per maand,https://nl.indeed.com/pagead/clk?mo=r&ad=-6NYlbfkN0Al1QVGkrYBHxU2pDEz8HRJnRglUIAsxv3-6AYQbB5ymKzk2iiOJGfZvCP655jnSIa8UT38wErreCNYVaHPm3O6He-Vij8engKqEho8O0IjB7CB0f7uXw_5OqzPo7ISwVKEJKR9_9WzuM4i1DCqR9ue9Hz5-pLIyFj_pGLCeUPvgvJFJNizk-9nBTgCVsqFPgmAUIGmnJ7QyKKDxsVtlfoGsN_s2yVsZnzWqpUrBNOS74jxm6Sj1ikJ5UbZsvRXUzChO7u82Cx3MSTUdp_DQeTXSyEKbTyFfjxQDOmnaR8BD4jw_ZGalCm5r7nsydatP0j32RdkK48iNN3J61PExXY953BWQFAXtDVfMBaRUCaihvreK0CQLqUv0fqyfJ7DpzTgNcIPF6zP12lCIQBh405xPR1gklSOVZhfpdz_f7Zuy4FxR1V7q2AHh2HDUh_KVrdC6278ot1fyckJXX2Vpy6a-ZiDC57HFo2RRLDn93q-a6XF2-RHE5v5DnWhftcTTC9ys7bZRjA3uITCOaSZLN1ZeNJWCJ9N0mR_AOLEOPcbmjzG6i4bCeq9PCPA07FYqNpkUwM6vc_CwjSd8xRveJQ_zxC1KS5t7wV2iysimeP5YFDgwjAaewQ4t6nerCppbc-bHSSzNVGzhCyujo9MZGWm2sDU64aqNkc=&p=0&fvj=0&vjs=3
46,2dab296d29823bd5,Online Marketing Specialist,Blendle,Utrecht,Meer dan 30 dagen geleden,2021-03-16,"You’re responsible for the marketing budget.
Knowledge of digital marketing campaigns, systems, testing.
Discuss with our data analysts how to increase the…",,https://nl.indeed.com/rc/clk?jk=2dab296d29823bd5&fccid=4f05c8cce59f5ab1&vjs=3
47,261c3c3b140ac429,Project Analist - LIOF,LIOF,Maastricht,19 dagen geleden,2021-03-16,"Ben jij de analist met gevoel voor commerciële kansen?
Nv-liof.homerun.co/project-analist o.v.v. vacaturenummer BD02-2021.
Dan kijken we uit naar jouw reactie!",,https://nl.indeed.com/pagead/clk?mo=r&ad=-6NYlbfkN0BUi5skEC2JacOuA5S-guKlBVqGkEVnSMmX3xEoRIYszl3Fq1VGX9VWnpCdlCKicBD7BUIVHDSR5MH2QUVMzFWtKgH86crwr1pyyX9KK4sphaTOO0m6BBkya52NkUcqT7M1LZSPdOdnz9szmJt4Oj2D63JR2HPDTVQD7g9RZFfJ7mg8i0vuWoidonS3Y8E30VtxzKToBgoQ08f7ioef1hZybXKnKjcGpef42qDfUsZ-mBFeN6Dpwy5ril7CbvuqC3OsEkn63M6TCXwANnXtjcpCzh3CQRgajZUXEJtSBYKOg6KxRrTdikp5IM0E1u2Hg0vaw4xpRdGTBHu7bXbm8GQVxUxgmR9DKFU5I2fNGk82SprpcKBBAphwxi-jIDj_U9MlqsWnJ0RKuMmcn_m1tuRgZ99Nd_F5LdhcI1YDs5WvPYqbC0z6XTWeE0TRYnLpEISvJilC7lH2MydxXqzXdcABcSFrfLVRIGkjguyYO8O7Ro8TcNVbEI0W-H4Q-2K8tEBf54laTzdzjudqwb-xSpM-P9u_vwL9ZYkKIjA3JjLMfyaZO7PUL4xHS6nEH2wiiSvC-TL4qQdQm4lqS357Rr6Ag2XvHtb4ds8=&p=2&fvj=0&vjs=3
48,4253446ba00da271,Business Analist,Donker Groep,Sneek,Vandaag,2021-03-16,"Wij zoeken een gedreven business analist!
De (junior) business analist rapporteert aan de IT-manager.
Als Business analist ben je onderdeel van ons strategisch…",,https://nl.indeed.com/company/Donker-Groep/jobs/Business-Analist-4253446ba00da271?fccid=55ab905185d84b06&vjs=3
49,9760b7a59ebdce54,Data Analist,IPG Mediabrands,Nederland,Meer dan 30 dagen geleden,2021-03-16,"Ervaring met marketing platformen zoals Google Analytics is een pré.
Wij zijn opzoek naar een echte Power BI expert!
Minimaal 1 jaar ervaring als Data Analist.",,https://nl.indeed.com/rc/clk?jk=9760b7a59ebdce54&fccid=bcc67c9d86a19ca1&vjs=3
50,394fbd2d884a36db,Data analist,DPG Media,Rotterdam,Meer dan 30 dagen geleden,2021-03-16,"Als analist bij het onder andere het Algemeen Dagblad, Het Laatste Nieuws en vele andere titels, speel je een cruciale rol in de doorontwikkeling van de…",,https://nl.indeed.com/rc/clk?jk=394fbd2d884a36db&fccid=addb088c48b0a386&vjs=3
51,adde6eb873fc295f,Data Analist,infoscore Nederland B.V.,Heerenveen,Meer dan 30 dagen geleden,2021-03-16,"Arvato Financial Solutions, create your own career!
Aantal uren: 36 - 40 uur per week.
Wij zijn op zoek naar een Data Analist!",,https://nl.indeed.com/rc/clk?jk=adde6eb873fc295f&fccid=746e07b369c32dc5&vjs=3
52,4a0906df70760344,Propositie Marketeer Reizen,ANWB,Den Haag,13 dagen geleden,2021-03-16,"Je draagt zorg voor de vertaling van de marketing strategie naar marketing inzet/communicatie.
Hbo werk- en denkniveau, met aantoonbare ervaring richting…",€2.363 - €4.492 per maand,https://nl.indeed.com/rc/clk?jk=4a0906df70760344&fccid=42c33b1b7d8142de&vjs=3
53,e064ccefae3c7fe5,UX Researcher,Coolblue,Rotterdam,5 dagen geleden,2021-03-16,"Minimaal 2 jaar vergelijkbare werkervaring in bijvoorbeeld onderzoek of online marketing.
Een (bij voorkeur marketing/onderzoek gerelateerde) wo-opleiding…",,https://nl.indeed.com/rc/clk?jk=e064ccefae3c7fe5&fccid=7b02d5128f6957de&vjs=3
54,5a9b6fe6b1d208a1,Lead IBP Global Consolidation,ARLANXEO,Geleen,Meer dan 30 dagen geleden,2021-03-16,"You have 4 people reporting to you, 3 global demand managers and an inventory analyst.
Headquartered in Maastricht, The Netherlands, ARLANXEO’s core business is…",,https://nl.indeed.com/rc/clk?jk=5a9b6fe6b1d208a1&fccid=3fa6fb4572c25ccd&vjs=3
55,3e758e286b19b5d5,Salesforce Administrator,CM,Breda,Meer dan 30 dagen geleden,2021-03-16,"This role is part technical project manager, part administrator and part CRM analyst.
Maintain data quality and hygiene across sales, finance & marketing tools,…",,https://nl.indeed.com/rc/clk?jk=3e758e286b19b5d5&fccid=936581356e5cc564&vjs=3
56,f078473b4eb4c3ca,Market Research Analyst Healthcare,SKIM,Rotterdam,6 dagen geleden,2021-03-16,"We combine decision-behavior know-how with analytical rigor, a thorough understanding of marketing challenges, and innovative research techniques.",,https://nl.indeed.com/rc/clk?jk=f078473b4eb4c3ca&fccid=75e090a26d6b562d&vjs=3
57,f1d470380fdfa2cd,Data Scientist – Marketing Analytics,IKEA,Amsterdam,12 dagen geleden,2021-03-16,"Which marketing activities are effective and relevant?
We are using cutting edge methodologies to improve customer experience – from marketing to customer…",,https://nl.indeed.com/rc/clk?jk=f1d470380fdfa2cd&fccid=af17ea0d1d6bbbba&vjs=3
58,4629e09e508cc345,Data Analist,Finders Vacaturemarketing,Almere,1 dag geleden,2021-03-16,"Deelnemen aan speciale projecten die de marketing en sales ondersteunen.
De wereld ligt aan je voeten dankzij jouw vlijmscherpe data-analyses.",€5.196 per maand,https://nl.indeed.com/rc/clk?jk=4629e09e508cc345&fccid=f7150bd8970c3de9&vjs=3
59,9d1129a9a5636654,Marketing Data Management Architect,Omron,Den Bosch,Meer dan 30 dagen geleden,2021-03-16,"Serve as a primary system expert for Omron’s PIM data with end users, collaboratively partnering with IT, business peers and business analysts.",,https://nl.indeed.com/rc/clk?jk=9d1129a9a5636654&fccid=74863a92805aacc3&vjs=3
60,2daa46ecca1d675f,Junior Marketing Analyst,wehkamp,Zwolle,11 dagen geleden,2021-03-16,Als marketing analist zorg je ervoor dat we met de juiste analyses de customer journey van onze klanten nog beter weten te begrijpen en kunnen voorspellen.,,https://nl.indeed.com/rc/clk?jk=2daa46ecca1d675f&fccid=8ee03ff44561e4a7&vjs=3
61,ef3e7a2862c669a8,Junior Data-analist,Turien & Co,Alkmaar,4 dagen geleden,2021-03-16,"Naast deze werkzaamheden verzorgen wij bovendien de schadebehandeling, marketing en verkoop.
Als junior Data-analist ontvang je een salaris van maximaal € 4.396…",€4.396 per maand,https://nl.indeed.com/rc/clk?jk=ef3e7a2862c669a8&fccid=a00f329fad70aa5f&vjs=3
62,a7858357877388d6,Data Analist,WeBlog Media B.V.,Groningen,5 dagen geleden,2021-03-16,"Dan willen we jou misschien wel als onze data analist!
In korte tijd zijn we met een in-house redactie, marketing- en development team uitgegroeid tot één van…",,https://nl.indeed.com/company/WeBlog-Media-B.V./jobs/Data-Analist-a7858357877388d6?fccid=14e0895a71b665cc&vjs=3
63,37c7121133c1dcc5,Manager Parts Operations,Key Technology,Utrecht,Vandaag,2021-03-16,"Partner with Marketing to develop KEY Technology’s SupportPro parts business marketing initiatives.
Develops and maintains cross functional relationships with…",,https://nl.indeed.com/rc/clk?jk=37c7121133c1dcc5&fccid=f1dc6ca18410ce84&vjs=3
64,5182236ff575c35e,Marketing Automation Analist,Promovendum,Dordrecht,Meer dan 30 dagen geleden,2021-03-16,"Ben jij een Database Marketeer of Marketing Intelligence Analist met een passie voor innovatie en heb je technische affiniteit?
Dat zien we graag anders!",,https://nl.indeed.com/rc/clk?jk=5182236ff575c35e&fccid=501aaeff3fab4f2b&vjs=3
65,f078473b4eb4c3ca,Market Research Analyst Healthcare,SKIM,Rotterdam,6 dagen geleden,2021-03-16,"We combine decision-behavior know-how with analytical rigor, a thorough understanding of marketing challenges, and innovative research techniques.",,https://nl.indeed.com/rc/clk?jk=f078473b4eb4c3ca&fccid=75e090a26d6b562d&vjs=3
66,4253446ba00da271,Business Analist,Donker Groep,Sneek,Vandaag,2021-03-16,"Wij zoeken een gedreven business analist!
De (junior) business analist rapporteert aan de IT-manager.
Als Business analist ben je onderdeel van ons strategisch…",,https://nl.indeed.com/company/Donker-Groep/jobs/Business-Analist-4253446ba00da271?fccid=55ab905185d84b06&vjs=3
67,95a64809a929af16,Trader Spain,Network4Cars,Nieuw-Vennep,Meer dan 30 dagen geleden,2021-03-16,"The focus has shifted from cold acquisition to an (online) marketing-driven sales strategy.
You work in a team with sales experts, traders, and analysts of…",,https://nl.indeed.com/rc/clk?jk=95a64809a929af16&fccid=8b74b186dd3cd746&vjs=3
68,2f3e52c292b27307,Marketing analist,Page Personnel,Rotterdam,2 dagen geleden,2021-03-16,"HBO diploma in de richting van marketing.
Het bedrijf is al langer gevestigd binnen de bouwwereld en is bekend vanwege het toegankelijk maken van kennis binnen…",,https://nl.indeed.com/rc/clk?jk=2f3e52c292b27307&fccid=e5ea1ff710ce39ca&vjs=3
69,f1d470380fdfa2cd,Data Scientist – Marketing Analytics,IKEA,Amsterdam,12 dagen geleden,2021-03-16,"Which marketing activities are effective and relevant?
We are using cutting edge methodologies to improve customer experience – from marketing to customer…",,https://nl.indeed.com/rc/clk?jk=f1d470380fdfa2cd&fccid=af17ea0d1d6bbbba&vjs=3
70,1c6cd2518f074c13,CX Leadership Programme,Veriteer,Amsterdam,25 dagen geleden,2021-03-16,"Improving marketing effectiveness: Designing marketing functions that achieve consistent, positive and measurable results.
Full-time employment from day one.",€25.000 - €35.000 per jaar,https://nl.indeed.com/rc/clk?jk=1c6cd2518f074c13&fccid=643ae3ec279c8496&vjs=3
71,03e1087e9dacff07,BUSINESS ANALIST,ALLSAFE,Nederland,Meer dan 30 dagen geleden,2021-03-16,"Minimaal 5 jaar relevante werkervaring als bijvoorbeeld business analist, data analist, BI Specialist of informatieanalist binnen een commerciële en…",,https://nl.indeed.com/rc/clk?jk=03e1087e9dacff07&fccid=fcca745c8970b87e&vjs=3
72,2ff79ad08fef42b8,Business Analist Payments,Coolblue,Rotterdam,Meer dan 30 dagen geleden,2021-03-16,Je maakt Coolblue elke dag een beetje beter door ervoor te zorgen dat alle beschikbare data van team Payments nog beter wordt ingezet en we optimaal gebruik…,,https://nl.indeed.com/rc/clk?jk=2ff79ad08fef42b8&fccid=7b02d5128f6957de&vjs=3
73,3e758e286b19b5d5,Salesforce Administrator,CM,Breda,Meer dan 30 dagen geleden,2021-03-16,"This role is part technical project manager, part administrator and part CRM analyst.
Maintain data quality and hygiene across sales, finance & marketing tools,…",,https://nl.indeed.com/rc/clk?jk=3e758e286b19b5d5&fccid=936581356e5cc564&vjs=3
74,1220284a582ab007,Senior Marketing Analist – Consumentenelektronica – Den Haag,AnalysePeople,Den Haag,Meer dan 30 dagen geleden,2021-03-16,"Jij hebt een aantoonbare relevante werkervaring als marketing/web analist van minimaal vijf jaar.
Jij bent hoofdverantwoordelijk voor de uitrol, monitoring en…",,https://nl.indeed.com/rc/clk?jk=1220284a582ab007&fccid=22de309f628e7de0&vjs=3
75,1220284a582ab007,Senior Marketing Analist – Consumentenelektronica – Den Haag,AnalysePeople,Den Haag,Meer dan 30 dagen geleden,2021-03-16,"Jij hebt een aantoonbare relevante werkervaring als marketing/web analist van minimaal vijf jaar.
Jij bent hoofdverantwoordelijk voor de uitrol, monitoring en…",,https://nl.indeed.com/rc/clk?jk=1220284a582ab007&fccid=22de309f628e7de0&vjs=3
76,72f976a530fe7c5e,Marketing Automation Analist,National Academic,Dordrecht,Meer dan 30 dagen geleden,2021-03-16,"Ben jij een Database Marketeer of Marketing Intelligence Analist met een passie voor innovatie en heb je technische affiniteit?
Dat zien we graag anders!",,https://nl.indeed.com/rc/clk?jk=72f976a530fe7c5e&fccid=015e8923ff573d7d&vjs=3
77,3e77c06ff381297f,Product Owner,Onsweb,Rotterdam,4 dagen geleden,2021-03-16,"Verder zijn we bezig met de vertaling van onze ervaring en kansen die we zien in de markt, naar eigen producten die we met een nieuwe marketing afdeling gaan…",,https://nl.indeed.com/rc/clk?jk=3e77c06ff381297f&fccid=371e664d72837aaa&vjs=3
78,fc2021f39efb233f,Internship: Marketing Analyst (non-Thesis),Philips,Amsterdam,19 dagen geleden,2021-03-16,"Analyzing portfolio performance and suggest counteractions together with the marketing and business development team.
In this role, you have the opportunity to.",,https://nl.indeed.com/rc/clk?jk=fc2021f39efb233f&fccid=e4af9ca5b6d3a604&vjs=3
79,f4d082817ad655f5,Financial Analyst,"Riverbed Technology, Inc.",Hoofddorp,12 dagen geleden,2021-03-16,"Riverbed enables organizations to maximize performance and visibility for networks and applications, so they can overcome complexity and fully capitalize on…",,https://nl.indeed.com/rc/clk?jk=f4d082817ad655f5&fccid=5458e6417269d019&vjs=3
80,b9435cc67c8125e9,Online Data Analist,ITSync,Amsterdam,7 dagen geleden,2021-03-16,"Kennis van de (lange termijn) ontwikkelingen op het gebied van analytics, online marketing, digitale technologie en api's.
Dan zit je bij ons goed.",,https://nl.indeed.com/rc/clk?jk=b9435cc67c8125e9&fccid=d5c3bb28ade61aba&vjs=3
81,b0e8941240bc1bac,Junior Sales Analyst,Rubrik Job Board,Amsterdam,Meer dan 30 dagen geleden,2021-03-16,"Rubrik has become one the fastest growing enterprise startup in Silicon Valley.
We are seeking a highly strategic, driven, and analytical individual to join the…",,https://nl.indeed.com/rc/clk?jk=b0e8941240bc1bac&fccid=ba03cd038fd30855&vjs=3
82,8ceaa6373c7edb62,Market Insight Analyst,Sligro Food Group,Veghel,7 dagen geleden,2021-03-16,"De Marketingafdeling richt zich op zowel strategie als de operationele executie van traffic verhogende campagnes, werving van nieuwe klanten en verbetering van…",,https://nl.indeed.com/rc/clk?jk=8ceaa6373c7edb62&fccid=a6ae3558c5b2aa53&vjs=3
83,895e855d97509de4,Business Analist,Incentro,Amsterdam Zuid,Meer dan 30 dagen geleden,2021-03-16,"Een combinatie van (big) data, marketing, digital design en de wil om te veranderen heeft ons hier gebracht.
Business Analist | Spilfunctie | aankomend Delivery…",€3.000 - €4.000 per maand,https://nl.indeed.com/rc/clk?jk=895e855d97509de4&fccid=ad71b21206095815&vjs=3
84,1b552d003b19356a,Data Analyst,ING,Amsterdam,6 dagen geleden,2021-03-16,"ING Domestic Bank is op zoek naar een enthousiaste Data Analist!
De Tribe Digital Sales & Customer Interactions is een ambitieuze afdeling binnen de ING…",,https://nl.indeed.com/rc/clk?jk=1b552d003b19356a&fccid=5b16841c3468a10d&vjs=3
85,4629e09e508cc345,Data Analist,Finders Vacaturemarketing,Almere,1 dag geleden,2021-03-16,"Deelnemen aan speciale projecten die de marketing en sales ondersteunen.
De wereld ligt aan je voeten dankzij jouw vlijmscherpe data-analyses.",€5.196 per maand,https://nl.indeed.com/rc/clk?jk=4629e09e508cc345&fccid=f7150bd8970c3de9&vjs=3
86,f085dea1b2e79311,Medior/Senior data analist,Brand New Day,Amsterdam-Zuidoost,Vandaag,2021-03-16,"Je bent een ervaren en ondernemende data-analist.
Oftewel: een Senior (of medior) data analist.
Als data analist geef je ook smoel aan onze besluitvorming.",,https://nl.indeed.com/rc/clk?jk=f085dea1b2e79311&fccid=c52213cfb9390f40&vjs=3
87,50c3db15706b1372,Business Process Analyst (Innovations team),BDP International,Rotterdam,Meer dan 30 dagen geleden,2021-03-16,"Support and own defined innovation ideas including working with operations, IT and marketing to deliver into production solutions.",,https://nl.indeed.com/rc/clk?jk=50c3db15706b1372&fccid=a4a1716aaabf8838&vjs=3
88,adc436aef837b36c,Business Analyst,ALLSAFE Group B.V.,Weesp,Zojuist geplaatst,2021-03-16,"Minimaal 5 jaar relevante werkervaring als bijvoorbeeld business analist, data analist, BI Specialist of informatieanalist binnen een commerciële en…",,https://nl.indeed.com/company/ALLSAFE-Mini-Opslag/jobs/Business-Analyst-adc436aef837b36c?fccid=6bbfac3c14e85980&vjs=3
89,cabb94d0b762a883,Manager Parts Operations (M/V),Key Technology,Utrecht,1 dag geleden,2021-03-16,"Partner with Marketing to develop KEY Technology’s SupportPro parts business marketing initiatives.
Develops and maintains cross functional relationships with…",,https://nl.indeed.com/rc/clk?jk=cabb94d0b762a883&fccid=f1dc6ca18410ce84&vjs=3
90,c3fb957b82c22aa7,Product Marketing Manager CDS (IT),Thermo Fisher Scientific,Eindhoven,Meer dan 30 dagen geleden,2021-03-16,"Be a marketing product expert/champion for sales & marketing, distribution channel, customers, and press, media and industry analysts.",,https://nl.indeed.com/rc/clk?jk=c3fb957b82c22aa7&fccid=126e3afd205caa95&vjs=3
91,891551bd0a8c6a94,Performance Marketer,Mollie,Amsterdam,14 dagen geleden,2021-03-16,This is an exceptional opportunity for an ambitious performance marketer to supercharge customer acquisition growth by managing and growing a 7+ figure…,,https://nl.indeed.com/rc/clk?jk=891551bd0a8c6a94&fccid=c923e739678abf07&vjs=3
92,ad68470ab3560a08,Dairy Market and Competitive Intelligence Analyst,FrieslandCampina,Amersfoort,11 dagen geleden,2021-03-16,"You have at least 3 years of experience in a role of market analyst or intelligence analyst.
The Business Intelligence analyst in our Strategy & Intelligence…",,https://nl.indeed.com/rc/clk?jk=ad68470ab3560a08&fccid=bb9c97a740367a36&vjs=3
93,ef8cb78da4e641a2,Business Analyst Marketing Innovation,Bol.com,Utrecht,5 dagen geleden,2021-03-16,"Wel, als je communicatief sterk bent: je bent een goede stakeholdermanager en een krachtige ambassadeur van data-gedreven marketing.
En dat blijven we doen.",€3.200 - €4.000 per maand,https://nl.indeed.com/rc/clk?jk=ef8cb78da4e641a2&fccid=38c84708b80970a7&vjs=3
94,cabb94d0b762a883,Manager Parts Operations (M/V),Key Technology,Utrecht,1 dag geleden,2021-03-16,"Partner with Marketing to develop KEY Technology’s SupportPro parts business marketing initiatives.
Develops and maintains cross functional relationships with…",,https://nl.indeed.com/rc/clk?jk=cabb94d0b762a883&fccid=f1dc6ca18410ce84&vjs=3
95,72f976a530fe7c5e,Marketing Automation Analist,National Academic,Dordrecht,Meer dan 30 dagen geleden,2021-03-16,"Ben jij een Database Marketeer of Marketing Intelligence Analist met een passie voor innovatie en heb je technische affiniteit?
Dat zien we graag anders!",,https://nl.indeed.com/rc/clk?jk=72f976a530fe7c5e&fccid=015e8923ff573d7d&vjs=3
96,defc1150820f9c02,Web developer,Verano B.V.,Best,6 dagen geleden,2021-03-16,"Tussendoor heb je ook overleg met andere afdelingen, denk aan marketing, sales en productie.
Het team bestaat uit twee applicatiebeheerders, twee…",,https://nl.indeed.com/rc/clk?jk=defc1150820f9c02&fccid=702fc3d2de681e6b&vjs=3
97,f1d470380fdfa2cd,Data Scientist – Marketing Analytics,IKEA,Amsterdam,12 dagen geleden,2021-03-16,"Which marketing activities are effective and relevant?
We are using cutting edge methodologies to improve customer experience – from marketing to customer…",,https://nl.indeed.com/rc/clk?jk=f1d470380fdfa2cd&fccid=af17ea0d1d6bbbba&vjs=3
98,3254374ed4f02044,Data Analyst,A. van Tilburg,Roosendaal,Meer dan 30 dagen geleden,2021-03-16,"A. van Tilburg (AVT) is een technisch familiebedrijf met 170 medewerkers, bestaande uit een Technische Handelsonderneming (Parts) met vestigingen in Roosendaal…",,https://nl.indeed.com/rc/clk?jk=3254374ed4f02044&fccid=e8a60a5205977180&vjs=3
99,03039dd87b97b525,Senior Business Analist Marketing,Coolblue,Rotterdam,Meer dan 30 dagen geleden,2021-03-16,"Minimaal 4 jaar werkervaring in een rol als analist.
Je maakt Coolblue elke dag een beetje beter door ervoor te zorgen dat alle beschikbare marketing data op de…",,https://nl.indeed.com/rc/clk?jk=03039dd87b97b525&fccid=7b02d5128f6957de&vjs=3
100,bc6418a7bb63aa99,Marketing Automation Analist,Besured,Dordrecht,Meer dan 30 dagen geleden,2021-03-16,"Ben jij een Database Marketeer of Marketing Intelligence Analist met een passie voor innovatie en heb je technische affiniteit?
Dat zien we graag anders!",,https://nl.indeed.com/rc/clk?jk=bc6418a7bb63aa99&fccid=4ac338dfd44b90e1&vjs=3
101,6c8c8a73316b1f8d,Data Analyst,USP Marketing Consultancy,Rotterdam,Meer dan 30 dagen geleden,2021-03-16,"DATA - RESEARCH ANALYST | Rotterdam | 40 uur per week | €2222 - € 3478.
USP zoekt GEEN schaap met 5 poten!
Wat verwachten we van jou?.",€2.222 per maand,https://nl.indeed.com/pagead/clk?mo=r&ad=-6NYlbfkN0CraaXEUtviYOfTEBZGldda6AP5YAjOpzXzny0t_gVC2_AYC7pOp1UwSjICQtGzsdZDk2mSGThGeHPGAhAGH6rI5V-1mAtFqyrk6pWtIlU2ZYeAGWktAv8hczYtnn3HlMfFH-ccRadjlli9zqCljB0FsiyfrnJdc5fvJXdkXRozuNE-nU76ajUnclOwwyPkThFoLA1uLb8K9bbeH-xVIrxnuSigvAHYgRgT9zGHY9vhsapx3IRZmuCko7Ym_pZ_phW0gbYxN4UCLo2EZAApG7YlnVtwvNvwE4osB_dISqMuvyNQAHKVKsd4mAz7_1dIgI3RmFUNkgHiBMAKDTHkypFlY0h3K14zx7Wm9Yq9yS797Ly3IhNv1eeb-R4XcxIZMmnnqZ_5-T25FmbXtrU9vzoxmNGF4hUu0eU_KPMpixNR1u0ZO7a-dhzJt76tYM7FWTW3Bw3g-ykJgLqjDD7sploU&p=11&fvj=1&vjs=3
102,b0e8941240bc1bac,Junior Sales Analyst,Rubrik Job Board,Amsterdam,Meer dan 30 dagen geleden,2021-03-16,"Rubrik has become one the fastest growing enterprise startup in Silicon Valley.
We are seeking a highly strategic, driven, and analytical individual to join the…",,https://nl.indeed.com/rc/clk?jk=b0e8941240bc1bac&fccid=ba03cd038fd30855&vjs=3
103,1b5429bcc61acae0,Corporate IT Trainee (DA),Philips,Eindhoven,20 dagen geleden,2021-03-16,"You can be a project manager, a data analyst, a platform analyst, in the PMO, etc.
In this role, you have the opportunity to.
You are a part of.",,https://nl.indeed.com/rc/clk?jk=1b5429bcc61acae0&fccid=e4af9ca5b6d3a604&vjs=3
104,30be552343659ae5,Email Marketing and Automation Specialist,Amberscript,Amsterdam,19 dagen geleden,2021-03-16,"2-5 years of experience with marketing automation and email marketing, preferably with Sendinblue.
Partner with our data analyst to provide critical marketing…",,https://nl.indeed.com/company/AmberScript/jobs/Email-Marketing-Automation-Specialist-30be552343659ae5?fccid=dfff207ac526c7fa&vjs=3
